,total_return,ann_vol,max_drawdown
GFC_2008::buy_and_hold,-0.2667853200923771,0.4925149868897739,-0.46042395254082624
GFC_2008::vt_ewma,-0.07071081081284403,0.10595427340020605,-0.14109677496557205
GFC_2008::vt_gjr,-0.08798314665147955,0.1124393961585642,-0.15619304727419392
COVID_2020::buy_and_hold,-0.07719749126625663,0.5104572308235595,-0.3371726642847267
COVID_2020::vt_ewma,-0.0718646397716528,0.12424257957891088,-0.12423629241066236
COVID_2020::vt_gjr,-0.030280756023413624,0.1477426695236855,-0.09866893774957863
Bear_2022::buy_and_hold,-0.18175362406694684,0.24242968244363436,-0.2449638436922783
Bear_2022::vt_ewma,-0.1027161693121359,0.10522195875674581,-0.13165498822809785
Bear_2022::vt_gjr,-0.1033218819791063,0.11191008528694144,-0.12411383462889458
