alpha,dist,n,exceptions,exception_rate,expected_rate,kupiec_lr,kupiec_p,independence_lr,independence_p,cc_lr,cc_p,model,nu
0.99,normal,4563,124,0.02717510409818102,0.010000000000000009,92.55715067557071,0.0,3.1966801079331617,0.0737879147339181,95.75383078350387,0.0,rolling,
0.99,t,4563,102,0.022353714661406968,0.010000000000000009,52.065470607403995,5.367928324062632e-13,6.720927604400572,0.009528805427890918,58.78639821180457,1.716404796070492e-13,rolling,5.453196468307413
0.95,normal,4563,298,0.06530791146175761,0.050000000000000044,20.61737574462859,5.608477386398469e-06,0.13534343220953815,0.7129548717672733,20.752719176838127,3.116049072848792e-05,rolling,
0.95,t,4563,318,0.06969099276791585,0.050000000000000044,33.35793158420938,7.666450918542012e-09,0.001449809952191572,0.969626791654755,33.359381394161574,5.7029868494318237e-08,rolling,5.453196468307413
0.99,normal,4563,108,0.023668639053254437,0.010000000000000009,62.22333469622674,3.1086244689504383e-15,5.59821836573326,0.017978751713077057,67.82155306196,1.887379141862766e-15,ewma,
0.99,t,4563,83,0.01818978742055665,0.010000000000000009,24.88368513707212,6.089560650179848e-07,5.298948395958746,0.02133830328437758,30.182633533030867,2.7920577938544966e-07,ewma,5.916205397789383
0.95,normal,4563,270,0.05917159763313609,0.050000000000000044,7.65141142238781,0.005672792100082313,0.07224785475000317,0.7880915887900403,7.723659277137813,0.02102948794042625,ewma,
0.95,t,4563,286,0.06267806267806268,0.050000000000000044,14.340908682446752,0.00015251438542462914,0.26343750362184437,0.6077683183938299,14.604346186068597,0.0006740723604918841,ewma,5.916205397789383
0.99,normal,4563,96,0.0210387902695595,0.010000000000000009,42.63003640307306,6.613598557692058e-11,1.5901532943776147,0.20730423369865902,44.22018969745068,2.498663498329279e-10,garch,
0.99,t,4563,70,0.015340784571553802,0.010000000000000009,11.3018852657882,0.0007742843040267067,4.920679667798709,0.026537075420710377,16.22256493358691,0.00030013371474491013,garch,7.0442692783251
0.95,normal,4563,247,0.05413105413105413,0.050000000000000044,1.5982923348669829,0.2061453797403009,0.011745101711085226,0.9136983738343971,1.610037436578068,0.4470795579166472,garch,
0.95,t,4563,268,0.05873328950252027,0.050000000000000044,6.954715078017216,0.008359861170347371,0.11055968199025301,0.7395078433901134,7.065274760007469,0.029227729497556476,garch,7.0442692783251
0.99,normal,4563,96,0.0210387902695595,0.010000000000000009,42.63003640307306,6.613598557692058e-11,0.00021073634241020045,0.9884177075350081,42.630247139415474,5.532984070910629e-10,gjr,
0.99,t,4563,63,0.013806706114398421,0.010000000000000009,5.970611923570459,0.014546232191031683,0.0190683029200045,0.89017084899661,5.989680226490464,0.05004462792010733,gjr,6.36365470818311
0.95,normal,4563,260,0.05698005698005698,0.050000000000000044,4.4873191409226365,0.03414718651814097,0.6400509843383588,0.42369233560459696,5.127370125260995,0.0770203918760517,gjr,
0.95,t,4563,280,0.06136313828621521,0.050000000000000044,11.603001398565084,0.0006584546806196467,0.3279464282427398,0.5668708148864395,11.930947826807824,0.0025658283387635095,gjr,6.36365470818311
0.99,normal,4563,101,0.022134560596099057,0.010000000000000009,50.441602017571995,1.2276846206304981e-12,0.02699204258476584,0.8695008448097183,50.46859406015676,1.0987100118597937e-11,egarch,
0.99,t,4563,72,0.015779092702169626,0.010000000000000009,13.092738687334986,0.0002964426357213723,0.017584276339675853,0.8945052103697468,13.110322963674662,0.001422753099668661,egarch,6.245430752151072
0.95,normal,4563,277,0.060705676090291476,0.050000000000000044,10.336442882657593,0.0013042912498537618,0.0021970777038404776,0.9626144509271336,10.338639960361434,0.00568843575332767,egarch,
0.95,t,4563,291,0.06377383300460224,0.050000000000000044,16.827900594409584,4.092713947645432e-05,0.15382934602257592,0.694902432508413,16.98172994043216,0.0002053355741241658,egarch,6.245430752151072
0.99,normal,4563,151,0.03309226386149463,0.010000000000000009,153.14490732915192,0.0,0.7682848328690852,0.3807481765269687,153.913192162021,0.0,rf,
0.99,t,4563,108,0.023668639053254437,0.010000000000000009,62.22333469622674,3.1086244689504383e-15,0.7341011723068505,0.39155706038253746,62.957435868533594,2.1316282072803006e-14,rf,6.4310631128676246
0.95,normal,4563,348,0.0762656147271532,0.050000000000000044,57.49520623529406,3.3861802251067274e-14,0.013250435187728726,0.9083575099678279,57.50845667048179,3.2518432391270835e-13,rf,
0.95,t,4563,369,0.08086785009861933,0.050000000000000044,77.75243670617829,0.0,0.0009298014615524153,0.9756741582782608,77.75336650763984,0.0,rf,6.4310631128676246
